# Redirect old WordPress subdomain (blog.remoteintech.company) to main site

# Static pages
https://blog.remoteintech.company/about/    /about/    301!
https://blog.remoteintech.company/contact/  /contact/  301!

# Blog index
https://blog.remoteintech.company/          /blog/     301!
https://blog.remoteintech.company/posts/    /blog/     301!

# Individual blog posts - will be updated after parsing WordPress export
# Format: old URL -> new simplified URL
https://blog.remoteintech.company/2018/09/25/hacktoberfest-is-back/                              /blog/hacktoberfest-is-back/                       301!
https://blog.remoteintech.company/2018/09/19/website-updates/                                     /blog/website-updates/                             301!
https://blog.remoteintech.company/2018/01/07/advice-from-a-constant-job-seeker/                   /blog/advice-from-a-constant-job-seeker/           301!
https://blog.remoteintech.company/2018/01/01/new-year-new-job/                                    /blog/new-year-new-job/                            301!
https://blog.remoteintech.company/2017/12/28/highest-view-count/                                  /blog/highest-view-count/                          301!
https://blog.remoteintech.company/2017/12/06/popular-company-profiles-and-the-github-traffic-charts/  /blog/popular-company-profiles-github-traffic/ 301!
